frame,timestamp_sec,model,label,class_id,confidence,x1,y1,x2,y2,center_x,center_y,bbox_width,bbox_height,image_width,image_height
1,0.033,CRACK,crack,0,0.769127,1673,637,1919,755,1796.51,696.48,246,118,1920,1080
1,0.033,CRACK,crack,0,0.68032,71,258,874,1080,473.24,669.4,803,821,1920,1080
1,0.033,CRACK,crack,0,0.621159,497,0,1435,1022,966.29,511.41,937,1022,1920,1080
1,0.033,CRACK,crack,0,0.44368,3,0,676,915,339.7,457.8,673,915,1920,1080
1,0.033,CRACK,crack,0,0.420872,295,0,1232,646,763.81,323.25,936,646,1920,1080
1,0.033,CRACK,crack,0,0.387275,1394,0,1592,640,1493.26,320.07,197,640,1920,1080
1,0.033,CRACK,crack,0,0.35498,1305,539,1719,1077,1512.7,808.04,414,537,1920,1080
1,0.033,CRACK,crack,0,0.348036,53,0,101,387,77.27,193.84,47,387,1920,1080
1,0.033,CRACK,crack,0,0.332453,0,0,670,411,335.27,205.99,670,411,1920,1080
1,0.033,ROAD,Alligator Crack,2,0.628171,1015,179,1920,1065,1468.0,622.38,904,885,1920,1080
1,0.033,ROAD,Potholes,3,0.605135,1187,1045,1281,1080,1234.52,1062.68,93,34,1920,1080
1,0.033,ROAD,Alligator Crack,2,0.539161,180,259,889,1065,535.08,662.75,708,806,1920,1080
2,0.067,CRACK,crack,0,0.769127,1673,637,1919,755,1796.51,696.48,246,118,1920,1080
2,0.067,CRACK,crack,0,0.68032,71,258,874,1080,473.24,669.4,803,821,1920,1080
2,0.067,CRACK,crack,0,0.621159,497,0,1435,1022,966.29,511.41,937,1022,1920,1080
2,0.067,CRACK,crack,0,0.44368,3,0,676,915,339.7,457.8,673,915,1920,1080
2,0.067,CRACK,crack,0,0.420872,295,0,1232,646,763.81,323.25,936,646,1920,1080
2,0.067,CRACK,crack,0,0.387275,1394,0,1592,640,1493.26,320.07,197,640,1920,1080
2,0.067,CRACK,crack,0,0.35498,1305,539,1719,1077,1512.7,808.04,414,537,1920,1080
2,0.067,CRACK,crack,0,0.348036,53,0,101,387,77.27,193.84,47,387,1920,1080
2,0.067,CRACK,crack,0,0.332453,0,0,670,411,335.27,205.99,670,411,1920,1080
2,0.067,ROAD,Alligator Crack,2,0.628171,1015,179,1920,1065,1468.0,622.38,904,885,1920,1080
2,0.067,ROAD,Potholes,3,0.605135,1187,1045,1281,1080,1234.52,1062.68,93,34,1920,1080
2,0.067,ROAD,Alligator Crack,2,0.539161,180,259,889,1065,535.08,662.75,708,806,1920,1080
3,0.1,CRACK,crack,0,0.784258,1670,634,1920,750,1795.32,692.41,249,115,1920,1080
3,0.1,CRACK,crack,0,0.782047,69,263,875,1080,472.17,671.74,805,816,1920,1080
3,0.1,CRACK,crack,0,0.61058,297,0,1218,739,757.93,369.76,921,739,1920,1080
3,0.1,CRACK,crack,0,0.489413,1394,0,1590,635,1492.05,318.11,195,635,1920,1080
3,0.1,CRACK,crack,0,0.427813,2,0,663,910,332.6,455.39,660,910,1920,1080
3,0.1,CRACK,crack,0,0.3796,34,0,97,391,66.07,195.79,63,391,1920,1080
3,0.1,CRACK,crack,0,0.35734,1502,236,1585,634,1543.96,435.42,83,398,1920,1080
3,0.1,CRACK,crack,0,0.349936,1152,0,1262,565,1207.39,282.84,110,565,1920,1080
3,0.1,CRACK,crack,0,0.333151,1311,535,1723,1077,1517.42,806.5,412,542,1920,1080
3,0.1,CRACK,crack,0,0.331596,511,79,1452,1077,982.29,578.73,940,998,1920,1080
3,0.1,ROAD,Alligator Crack,2,0.661794,1111,458,1920,1057,1515.72,757.81,808,598,1920,1080
3,0.1,ROAD,Alligator Crack,2,0.634475,113,273,889,1069,501.04,671.59,775,795,1920,1080
3,0.1,ROAD,Potholes,3,0.612166,1180,1044,1282,1080,1231.7,1062.27,101,35,1920,1080
3,0.1,ROAD,Transverse Crack,1,0.312944,1651,620,1920,758,1785.59,689.19,268,138,1920,1080
4,0.133,CRACK,crack,0,0.801184,1670,631,1919,746,1794.79,688.8,248,114,1920,1080
4,0.133,CRACK,crack,0,0.764615,120,226,1153,1080,636.91,653.13,1032,853,1920,1080
4,0.133,CRACK,crack,0,0.700003,295,0,1214,605,755.08,302.58,919,605,1920,1080
4,0.133,CRACK,crack,0,0.576302,662,219,721,605,691.92,412.13,58,385,1920,1080
4,0.133,CRACK,crack,0,0.475311,1500,231,1587,633,1543.84,432.52,87,402,1920,1080
4,0.133,CRACK,crack,0,0.452227,44,0,96,387,70.74,193.55,52,387,1920,1080
4,0.133,CRACK,crack,0,0.436909,2,2,813,912,407.7,457.42,810,910,1920,1080
4,0.133,CRACK,crack,0,0.422861,1311,508,1725,1080,1518.45,794.25,414,571,1920,1080
4,0.133,CRACK,crack,0,0.422835,526,54,1366,1080,946.34,567.43,839,1025,1920,1080
4,0.133,CRACK,crack,0,0.355483,1131,0,1259,562,1195.91,281.06,128,562,1920,1080
4,0.133,ROAD,Alligator Crack,2,0.627008,1097,463,1920,1056,1508.79,760.06,822,593,1920,1080
4,0.133,ROAD,Alligator Crack,2,0.517435,142,264,882,1069,512.72,666.82,740,805,1920,1080
4,0.133,ROAD,Potholes,3,0.484533,1174,1040,1284,1080,1229.77,1060.46,110,39,1920,1080
4,0.133,ROAD,Potholes,3,0.446312,1184,0,1321,139,1252.66,69.83,137,138,1920,1080
4,0.133,ROAD,Transverse Crack,1,0.355516,1646,615,1920,756,1783.03,686.1,273,141,1920,1080
5,0.167,CRACK,crack,0,0.830038,1670,627,1919,745,1794.93,686.07,249,117,1920,1080
5,0.167,CRACK,crack,0,0.700257,67,270,894,1080,480.84,675.34,827,809,1920,1080
5,0.167,CRACK,crack,0,0.624193,449,112,1448,1073,949.24,593.39,999,960,1920,1080
5,0.167,CRACK,crack,0,0.553603,662,220,720,599,691.54,409.66,57,379,1920,1080
5,0.167,CRACK,crack,0,0.546356,292,0,1225,615,758.76,307.97,933,615,1920,1080
5,0.167,CRACK,crack,0,0.423226,1498,227,1585,630,1542.12,429.08,87,402,1920,1080
5,0.167,CRACK,crack,0,0.412785,41,0,94,386,67.83,193.41,53,386,1920,1080
5,0.167,CRACK,crack,0,0.373335,1389,0,1590,625,1489.68,312.87,200,625,1920,1080
5,0.167,CRACK,crack,0,0.346278,1316,522,1723,1077,1519.99,800.09,406,555,1920,1080
5,0.167,CRACK,crack,0,0.336364,4,0,644,395,324.47,197.53,640,395,1920,1080
5,0.167,CRACK,crack,0,0.314948,0,0,986,824,493.34,412.24,986,824,1920,1080
5,0.167,CRACK,crack,0,0.308201,1617,774,1723,1079,1670.17,926.98,105,304,1920,1080
5,0.167,ROAD,Alligator Crack,2,0.665165,1074,282,1920,1062,1497.06,672.17,845,780,1920,1080
5,0.167,ROAD,Potholes,3,0.525412,1168,1037,1283,1080,1226.12,1058.66,114,42,1920,1080
5,0.167,ROAD,Alligator Crack,2,0.523746,228,242,912,1064,570.41,653.83,683,822,1920,1080
6,0.2,CRACK,crack,0,0.863213,1667,622,1919,738,1793.88,680.91,251,115,1920,1080
6,0.2,CRACK,crack,0,0.685268,65,253,889,1080,477.61,666.76,824,826,1920,1080
6,0.2,CRACK,crack,0,0.539734,503,0,1445,1024,974.1,512.72,941,1024,1920,1080
6,0.2,CRACK,crack,0,0.459172,1387,0,1586,620,1486.68,310.48,198,620,1920,1080
6,0.2,CRACK,crack,0,0.455095,2,0,675,907,338.98,453.66,672,907,1920,1080
6,0.2,CRACK,crack,0,0.431154,296,0,1229,643,763.01,321.93,933,643,1920,1080
6,0.2,CRACK,crack,0,0.393623,1299,517,1724,1078,1512.4,798.0,424,560,1920,1080
6,0.2,CRACK,crack,0,0.359914,1496,227,1583,623,1539.97,425.35,86,395,1920,1080
6,0.2,ROAD,Alligator Crack,2,0.650975,1122,507,1919,1053,1521.17,780.35,797,545,1920,1080
6,0.2,ROAD,Potholes,3,0.578774,1160,1032,1284,1080,1222.37,1056.02,123,47,1920,1080
6,0.2,ROAD,Alligator Crack,2,0.528277,220,232,894,1066,557.19,649.5,674,834,1920,1080
6,0.2,ROAD,Potholes,3,0.336151,578,175,922,389,750.51,282.57,344,213,1920,1080
6,0.2,ROAD,Transverse Crack,1,0.317446,1648,608,1920,746,1784.01,677.13,271,138,1920,1080
7,0.233,CRACK,crack,0,0.847972,1666,619,1919,734,1792.95,676.97,253,114,1920,1080
7,0.233,CRACK,crack,0,0.718451,463,113,1446,1071,955.13,592.2,983,958,1920,1080
7,0.233,CRACK,crack,0,0.708939,63,255,901,1080,482.31,667.5,838,824,1920,1080
7,0.233,CRACK,crack,0,0.433446,2,0,669,902,335.8,451.2,666,902,1920,1080
7,0.233,CRACK,crack,0,0.417318,1384,0,1585,615,1485.04,307.63,201,615,1920,1080
7,0.233,CRACK,crack,0,0.365297,303,0,1228,636,765.97,318.05,925,636,1920,1080
7,0.233,CRACK,crack,0,0.339107,1305,510,1726,1078,1515.75,794.48,420,568,1920,1080
7,0.233,CRACK,crack,0,0.320846,1496,216,1582,623,1539.19,419.77,85,406,1920,1080
7,0.233,ROAD,Potholes,3,0.640433,1156,1029,1283,1080,1220.34,1054.97,126,50,1920,1080
7,0.233,ROAD,Alligator Crack,2,0.58535,1131,502,1920,1052,1525.52,777.65,788,549,1920,1080
7,0.233,ROAD,Transverse Crack,1,0.387739,1645,605,1920,739,1782.9,672.51,274,134,1920,1080
7,0.233,ROAD,Alligator Crack,2,0.378165,130,233,884,1071,507.7,652.18,753,837,1920,1080
7,0.233,ROAD,Potholes,3,0.312146,572,174,922,390,747.54,282.65,349,215,1920,1080
8,0.267,CRACK,crack,0,0.804254,1664,614,1919,732,1791.9,673.59,255,118,1920,1080
8,0.267,CRACK,crack,0,0.758713,65,241,949,1077,507.26,659.61,883,836,1920,1080
8,0.267,CRACK,crack,0,0.537937,291,0,1199,661,745.61,330.99,907,661,1920,1080
8,0.267,CRACK,crack,0,0.4888,1381,1,1584,615,1482.97,308.67,202,614,1920,1080
8,0.267,CRACK,crack,0,0.402322,529,0,1455,993,992.08,496.68,925,993,1920,1080
8,0.267,CRACK,crack,0,0.365125,1306,508,1728,1079,1517.16,794.07,422,571,1920,1080
8,0.267,CRACK,crack,0,0.364277,51,0,84,213,68.07,106.91,33,213,1920,1080
8,0.267,CRACK,crack,0,0.357196,1616,768,1725,1080,1670.82,924.11,109,311,1920,1080
8,0.267,CRACK,crack,0,0.336341,1495,207,1571,614,1533.61,410.96,76,406,1920,1080
8,0.267,CRACK,crack,0,0.309527,10,0,85,374,48.32,187.22,74,374,1920,1080
8,0.267,ROAD,Potholes,3,0.652332,1151,1026,1286,1080,1219.02,1053.13,135,53,1920,1080
8,0.267,ROAD,Alligator Crack,2,0.638305,1111,491,1920,1051,1515.82,771.57,808,559,1920,1080
8,0.267,ROAD,Alligator Crack,2,0.475767,161,211,881,1066,521.12,639.02,720,855,1920,1080
8,0.267,ROAD,Transverse Crack,1,0.316107,1639,600,1920,737,1779.99,668.99,280,137,1920,1080
9,0.3,CRACK,crack,0,0.774765,60,263,909,1080,485.05,671.92,848,816,1920,1080
9,0.3,CRACK,crack,0,0.767621,1662,610,1919,730,1791.12,670.89,256,119,1920,1080
9,0.3,CRACK,crack,0,0.557663,1492,211,1576,610,1534.66,410.66,83,399,1920,1080
9,0.3,CRACK,crack,0,0.538723,252,0,1201,619,726.87,309.87,948,619,1920,1080
9,0.3,CRACK,crack,0,0.453162,1378,1,1583,613,1480.85,307.63,204,611,1920,1080
9,0.3,CRACK,crack,0,0.409907,491,0,1402,1031,946.97,515.82,910,1031,1920,1080
9,0.3,CRACK,crack,0,0.398007,25,0,82,372,53.91,186.01,56,372,1920,1080
9,0.3,CRACK,crack,0,0.386041,1294,503,1728,1079,1511.7,791.15,434,576,1920,1080
9,0.3,CRACK,crack,0,0.335347,652,204,715,584,684.06,394.83,62,380,1920,1080
9,0.3,CRACK,crack,0,0.304113,7,0,709,890,358.46,445.3,702,890,1920,1080
9,0.3,ROAD,Alligator Crack,2,0.652489,1113,467,1920,1051,1516.51,759.18,806,584,1920,1080
9,0.3,ROAD,Potholes,3,0.542401,1134,1020,1289,1080,1212.03,1050.17,154,59,1920,1080
9,0.3,ROAD,Transverse Crack,1,0.364102,1637,595,1920,735,1778.95,665.76,282,140,1920,1080
9,0.3,ROAD,Alligator Crack,2,0.361472,166,216,876,1074,521.66,645.72,710,858,1920,1080
10,0.333,CRACK,crack,0,0.776749,58,253,912,1080,485.25,666.85,854,826,1920,1080
10,0.333,CRACK,crack,0,0.770785,1660,608,1919,727,1789.83,667.58,259,118,1920,1080
10,0.333,CRACK,crack,0,0.661331,1491,205,1577,611,1534.33,408.73,85,406,1920,1080
10,0.333,CRACK,crack,0,0.504493,650,204,711,586,681.12,395.5,60,381,1920,1080
10,0.333,CRACK,crack,0,0.41682,17,0,79,371,48.38,185.59,62,371,1920,1080
10,0.333,CRACK,crack,0,0.409633,600,176,1444,1080,1022.54,628.06,844,903,1920,1080
10,0.333,CRACK,crack,0,0.392019,1299,492,1728,1079,1513.96,785.97,429,586,1920,1080
10,0.333,CRACK,crack,0,0.381387,305,0,1232,622,769.02,311.31,927,622,1920,1080
10,0.333,CRACK,crack,0,0.379003,3,0,662,893,332.72,446.63,659,893,1920,1080
10,0.333,CRACK,crack,0,0.354462,1374,0,1583,613,1479.31,307.22,208,612,1920,1080
10,0.333,ROAD,Alligator Crack,2,0.610355,1133,485,1920,1046,1526.97,765.7,786,560,1920,1080
10,0.333,ROAD,Potholes,3,0.561055,1130,1018,1288,1080,1209.78,1049.44,158,61,1920,1080
10,0.333,ROAD,Transverse Crack,1,0.380129,1643,593,1920,730,1781.57,661.95,276,137,1920,1080
11,0.367,CRACK,crack,0,0.77227,1659,604,1919,722,1789.06,663.45,259,118,1920,1080
11,0.367,CRACK,crack,0,0.740226,55,274,915,1080,485.46,677.15,860,805,1920,1080
11,0.367,CRACK,crack,0,0.733247,649,202,709,581,679.64,392.14,59,378,1920,1080
11,0.367,CRACK,crack,0,0.616594,505,108,1436,1080,971.37,594.49,931,971,1920,1080
11,0.367,CRACK,crack,0,0.595238,1488,201,1575,609,1531.87,405.31,86,408,1920,1080
11,0.367,CRACK,crack,0,0.494744,315,0,1243,580,779.15,290.37,927,580,1920,1080
11,0.367,CRACK,crack,0,0.482384,1616,768,1725,1079,1670.93,924.03,108,311,1920,1080
11,0.367,CRACK,crack,0,0.394564,42,0,76,206,59.62,103.44,34,206,1920,1080
11,0.367,CRACK,crack,0,0.393381,1372,0,1582,609,1477.89,305.05,210,609,1920,1080
11,0.367,CRACK,crack,0,0.379511,12,0,76,370,44.46,185.04,63,370,1920,1080
11,0.367,CRACK,crack,0,0.359048,3,0,679,885,341.71,442.8,676,885,1920,1080
11,0.367,ROAD,Alligator Crack,2,0.664684,1124,404,1920,1052,1522.25,728.69,795,648,1920,1080
11,0.367,ROAD,Potholes,3,0.517323,1125,1016,1288,1080,1207.04,1048.21,162,63,1920,1080
11,0.367,ROAD,Alligator Crack,2,0.303289,218,199,881,1069,550.15,634.43,662,869,1920,1080
12,0.4,CRACK,crack,0,0.814388,1657,599,1919,720,1788.66,659.92,261,120,1920,1080
12,0.4,CRACK,crack,0,0.749102,53,211,946,1080,499.77,645.93,892,868,1920,1080
12,0.4,CRACK,crack,0,0.641882,537,0,1470,1005,1003.97,502.89,932,1005,1920,1080
12,0.4,CRACK,crack,0,0.475954,1368,1,1579,599,1473.9,300.35,210,598,1920,1080
12,0.4,CRACK,crack,0,0.468462,1613,761,1722,1079,1668.12,920.43,108,318,1920,1080
12,0.4,CRACK,crack,0,0.436732,648,198,707,574,677.69,386.23,59,376,1920,1080
12,0.4,CRACK,crack,0,0.419032,1485,198,1570,599,1528.19,398.75,84,400,1920,1080
12,0.4,CRACK,crack,0,0.412801,5,0,74,367,39.77,183.68,69,367,1920,1080
12,0.4,CRACK,crack,0,0.369613,11,0,633,378,322.41,189.47,622,378,1920,1080
12,0.4,CRACK,crack,0,0.353173,294,0,1237,595,766.05,297.63,942,595,1920,1080
12,0.4,CRACK,crack,0,0.329757,780,717,1286,1080,1033.79,898.61,506,362,1920,1080
12,0.4,CRACK,crack,0,0.315015,4,0,687,886,346.09,443.12,682,886,1920,1080
12,0.4,ROAD,Alligator Crack,2,0.671195,1113,395,1920,1049,1516.65,722.81,806,653,1920,1080
12,0.4,ROAD,Alligator Crack,2,0.518072,227,210,877,1079,552.6,645.0,650,869,1920,1080
12,0.4,ROAD,Potholes,3,0.413181,1122,1013,1288,1080,1205.54,1046.9,166,66,1920,1080
13,0.433,CRACK,crack,0,0.8458,1657,596,1919,716,1788.34,656.17,261,120,1920,1080
13,0.433,CRACK,crack,0,0.745855,46,297,850,1080,448.4,688.95,804,782,1920,1080
13,0.433,CRACK,crack,0,0.676315,15,0,649,373,332.73,186.72,633,373,1920,1080
13,0.433,CRACK,crack,0,0.539283,778,726,1285,1080,1031.82,903.41,507,353,1920,1080
13,0.433,CRACK,crack,0,0.503565,1367,1,1577,595,1472.77,298.44,209,594,1920,1080
13,0.433,CRACK,crack,0,0.426989,1483,194,1569,599,1526.62,396.88,85,404,1920,1080
13,0.433,CRACK,crack,0,0.426373,7,0,73,363,40.28,181.74,66,363,1920,1080
13,0.433,CRACK,crack,0,0.36038,1297,482,1724,1078,1511.05,780.47,427,595,1920,1080
13,0.433,CRACK,crack,0,0.334297,509,0,1446,1011,977.88,505.67,937,1011,1920,1080
13,0.433,ROAD,Alligator Crack,2,0.676847,1067,386,1920,1049,1493.56,718.37,852,663,1920,1080
13,0.433,ROAD,Potholes,3,0.460406,1130,1008,1284,1078,1207.5,1043.55,154,70,1920,1080
13,0.433,ROAD,Alligator Crack,2,0.452571,233,209,873,1075,553.73,642.59,640,866,1920,1080
14,0.467,CRACK,crack,0,0.812539,1655,591,1919,714,1787.46,652.86,263,122,1920,1080
14,0.467,CRACK,crack,0,0.751197,44,286,837,1080,441.01,683.45,793,793,1920,1080
14,0.467,CRACK,crack,0,0.441048,5,0,70,361,38.18,180.53,64,361,1920,1080
14,0.467,CRACK,crack,0,0.417703,637,165,1298,1076,968.33,620.97,660,910,1920,1080
14,0.467,CRACK,crack,0,0.408925,1299,476,1724,1078,1512.0,777.6,424,602,1920,1080
14,0.467,CRACK,crack,0,0.34728,1126,0,1232,527,1179.3,263.62,106,527,1920,1080
14,0.467,CRACK,crack,0,0.310213,1363,0,1579,591,1471.47,295.86,215,591,1920,1080
14,0.467,CRACK,crack,0,0.301886,5,0,655,885,330.71,442.7,650,885,1920,1080
14,0.467,ROAD,Alligator Crack,2,0.702962,1035,286,1920,1050,1477.62,668.39,884,764,1920,1080
14,0.467,ROAD,Alligator Crack,2,0.447713,221,194,880,1077,551.31,635.87,658,882,1920,1080
14,0.467,ROAD,Potholes,3,0.315103,1128,1005,1284,1078,1206.35,1041.86,156,73,1920,1080
15,0.5,CRACK,crack,0,0.811143,1655,587,1919,713,1787.4,650.58,263,125,1920,1080
15,0.5,CRACK,crack,0,0.697714,40,237,881,1080,461.1,658.57,840,842,1920,1080
15,0.5,CRACK,crack,0,0.418483,1363,0,1576,590,1470.26,295.3,213,590,1920,1080
15,0.5,CRACK,crack,0,0.391337,779,321,1303,1080,1041.47,700.63,524,758,1920,1080
15,0.5,CRACK,crack,0,0.379158,1131,0,1229,524,1180.66,262.29,97,523,1920,1080
15,0.5,CRACK,crack,0,0.363416,542,0,1459,1005,1001.17,502.61,916,1005,1920,1080
15,0.5,CRACK,crack,0,0.359066,16,0,66,347,41.55,173.51,49,347,1920,1080
15,0.5,CRACK,crack,0,0.354997,1296,469,1727,1080,1512.03,774.54,430,610,1920,1080
15,0.5,ROAD,Alligator Crack,2,0.711882,1081,410,1920,1049,1500.63,729.98,838,639,1920,1080
15,0.5,ROAD,Alligator Crack,2,0.393416,222,184,879,1073,550.88,629.07,656,888,1920,1080
15,0.5,ROAD,Potholes,3,0.355358,1133,1003,1287,1077,1210.19,1040.65,154,74,1920,1080
16,0.533,CRACK,crack,0,0.797537,1653,584,1919,711,1786.2,647.83,265,126,1920,1080
16,0.533,CRACK,crack,0,0.735171,38,241,875,1080,457.33,660.92,837,838,1920,1080
16,0.533,CRACK,crack,0,0.525519,1589,725,1725,1080,1657.19,902.61,136,354,1920,1080
16,0.533,CRACK,crack,0,0.506079,1368,0,1575,584,1472.33,292.03,207,584,1920,1080
16,0.533,CRACK,crack,0,0.437077,1478,183,1569,585,1524.04,384.47,90,402,1920,1080
16,0.533,CRACK,crack,0,0.388134,2,0,64,355,33.96,177.67,62,355,1920,1080
16,0.533,CRACK,crack,0,0.365163,0,0,953,702,476.52,351.09,953,702,1920,1080
16,0.533,CRACK,crack,0,0.351666,639,182,697,566,668.79,374.48,58,383,1920,1080
16,0.533,CRACK,crack,0,0.340365,1300,465,1728,1079,1514.81,772.44,427,613,1920,1080
16,0.533,CRACK,crack,0,0.340292,638,152,1443,1073,1041.22,612.54,805,920,1920,1080
16,0.533,CRACK,crack,0,0.326374,1322,619,1415,704,1369.35,661.87,93,84,1920,1080
16,0.533,ROAD,Alligator Crack,2,0.691697,1088,455,1920,1049,1504.25,752.21,831,593,1920,1080
17,0.567,CRACK,crack,0,0.750465,0,0,630,362,315.14,181.45,630,362,1920,1080
17,0.567,CRACK,crack,0,0.750418,1650,579,1919,707,1785.09,643.52,268,127,1920,1080
17,0.567,CRACK,crack,0,0.701953,36,217,878,1080,457.54,648.66,841,862,1920,1080
17,0.567,CRACK,crack,0,0.534259,1477,180,1567,581,1522.72,380.91,89,400,1920,1080
17,0.567,CRACK,crack,0,0.477646,3,0,62,351,33.19,175.79,58,351,1920,1080
17,0.567,CRACK,crack,0,0.442345,1366,0,1575,579,1470.91,289.8,209,579,1920,1080
17,0.567,CRACK,crack,0,0.434403,635,162,1426,1077,1030.99,620.3,791,915,1920,1080
17,0.567,CRACK,crack,0,0.418267,637,182,695,562,666.77,372.63,58,379,1920,1080
17,0.567,CRACK,crack,0,0.397323,1298,449,1729,1080,1513.78,764.96,431,630,1920,1080
17,0.567,CRACK,crack,0,0.393225,1102,0,1229,512,1165.86,256.47,126,512,1920,1080
17,0.567,CRACK,crack,0,0.368488,1591,727,1725,1080,1658.24,903.8,134,352,1920,1080
17,0.567,ROAD,Alligator Crack,2,0.639502,1109,463,1919,1046,1514.49,754.94,810,583,1920,1080
17,0.567,ROAD,Potholes,3,0.336327,1136,995,1286,1078,1211.32,1036.57,149,83,1920,1080
18,0.6,CRACK,crack,0,0.79873,1647,575,1919,704,1783.49,639.94,271,129,1920,1080
18,0.6,CRACK,crack,0,0.784874,31,207,863,1080,447.23,643.71,832,872,1920,1080
18,0.6,CRACK,crack,0,0.721697,635,176,696,559,665.99,367.99,60,382,1920,1080
18,0.6,CRACK,crack,0,0.573324,1368,0,1569,575,1468.99,287.59,201,575,1920,1080
18,0.6,CRACK,crack,0,0.522228,0,0,626,374,313.16,187.42,626,374,1920,1080
18,0.6,CRACK,crack,0,0.50438,493,0,1432,1021,962.86,510.95,938,1021,1920,1080
18,0.6,CRACK,crack,0,0.362855,11,0,60,338,36.12,169.28,48,338,1920,1080
18,0.6,CRACK,crack,0,0.334079,1281,447,1727,1080,1504.81,763.79,445,632,1920,1080
18,0.6,ROAD,Alligator Crack,2,0.643231,1048,203,1920,1041,1484.39,622.65,871,837,1920,1080
19,0.633,CRACK,crack,0,0.838058,1647,571,1919,700,1783.14,636.11,272,128,1920,1080
19,0.633,CRACK,crack,0,0.795741,26,221,853,1080,440.25,650.89,827,858,1920,1080
19,0.633,CRACK,crack,0,0.599394,1475,175,1563,577,1519.26,376.48,88,401,1920,1080
19,0.633,CRACK,crack,0,0.485794,0,0,633,371,316.51,185.53,633,371,1920,1080
19,0.633,CRACK,crack,0,0.480843,1368,0,1569,569,1469.12,284.8,200,569,1920,1080
19,0.633,CRACK,crack,0,0.454968,4,0,55,345,30.14,172.81,51,345,1920,1080
19,0.633,CRACK,crack,0,0.399585,467,65,1428,1024,948.03,545.01,960,958,1920,1080
19,0.633,CRACK,crack,0,0.353289,1288,412,1724,1080,1506.58,746.39,436,667,1920,1080
19,0.633,CRACK,crack,0,0.31277,1320,607,1412,694,1366.59,650.96,92,86,1920,1080
19,0.633,CRACK,crack,0,0.305035,633,173,694,551,664.02,362.51,61,378,1920,1080
19,0.633,ROAD,Alligator Crack,2,0.589461,1007,364,1920,1039,1463.57,702.11,912,674,1920,1080
20,0.667,CRACK,crack,0,0.818222,1645,566,1919,699,1782.23,632.9,273,133,1920,1080
20,0.667,CRACK,crack,0,0.77793,25,238,860,1080,443.45,659.25,834,841,1920,1080
20,0.667,CRACK,crack,0,0.577233,4,0,54,344,29.53,172.09,50,344,1920,1080
20,0.667,CRACK,crack,0,0.516319,1474,166,1563,572,1518.77,369.48,88,406,1920,1080
20,0.667,CRACK,crack,0,0.399789,698,630,1286,1080,992.73,855.25,587,449,1920,1080
20,0.667,CRACK,crack,0,0.379052,0,0,620,367,310.28,183.99,620,367,1920,1080
20,0.667,CRACK,crack,0,0.365199,1365,0,1571,563,1468.86,281.61,206,563,1920,1080
20,0.667,CRACK,crack,0,0.344958,1596,720,1720,1080,1658.69,900.03,124,359,1920,1080
20,0.667,ROAD,Alligator Crack,2,0.624337,1029,450,1920,1047,1474.68,748.94,890,596,1920,1080
20,0.667,ROAD,Potholes,3,0.433314,1130,983,1279,1078,1205.03,1030.92,149,94,1920,1080
21,0.7,CRACK,crack,0,0.809062,1643,563,1919,695,1781.46,629.08,275,132,1920,1080
21,0.7,CRACK,crack,0,0.774296,23,328,823,1080,423.56,704.19,799,751,1920,1080
21,0.7,CRACK,crack,0,0.710403,6,0,619,352,313.24,176.06,612,352,1920,1080
21,0.7,CRACK,crack,0,0.647002,1601,714,1718,1080,1659.79,897.5,117,365,1920,1080
21,0.7,CRACK,crack,0,0.587095,221,160,1199,1080,710.86,620.44,977,919,1920,1080
21,0.7,CRACK,crack,0,0.432915,1366,0,1562,560,1464.53,280.17,196,560,1920,1080
21,0.7,CRACK,crack,0,0.383545,2,0,51,342,27.14,171.31,48,342,1920,1080
21,0.7,CRACK,crack,0,0.37071,1130,1,1223,472,1176.9,236.93,93,470,1920,1080
21,0.7,CRACK,crack,0,0.336915,0,0,994,703,497.45,351.54,994,703,1920,1080
21,0.7,ROAD,Alligator Crack,2,0.673257,1019,434,1920,1048,1469.72,741.6,900,614,1920,1080
21,0.7,ROAD,Alligator Crack,2,0.524025,178,167,861,1080,519.92,623.61,682,912,1920,1080
21,0.7,ROAD,Transverse Crack,1,0.300689,798,974,1271,1080,1034.99,1027.27,472,105,1920,1080
22,0.733,CRACK,crack,0,0.787879,1641,559,1919,690,1780.15,624.77,278,131,1920,1080
22,0.733,CRACK,crack,0,0.775301,26,236,869,1080,448.17,658.24,842,843,1920,1080
22,0.733,CRACK,crack,0,0.639016,626,163,688,544,657.1,353.86,62,380,1920,1080
22,0.733,CRACK,crack,0,0.602786,0,0,622,355,311.32,177.72,622,355,1920,1080
22,0.733,CRACK,crack,0,0.481787,1588,703,1717,1079,1652.94,891.53,129,376,1920,1080
22,0.733,CRACK,crack,0,0.464307,1372,0,1560,559,1466.85,279.75,187,559,1920,1080
22,0.733,CRACK,crack,0,0.415425,2,0,47,330,25.13,165.09,45,330,1920,1080
22,0.733,CRACK,crack,0,0.383037,1273,540,1423,680,1348.42,610.85,149,140,1920,1080
22,0.733,CRACK,crack,0,0.363502,1471,160,1554,564,1512.91,362.73,83,404,1920,1080
22,0.733,ROAD,Alligator Crack,2,0.767976,1081,431,1920,1046,1500.86,739.16,838,614,1920,1080
22,0.733,ROAD,Alligator Crack,2,0.390466,194,171,867,1080,530.92,625.73,672,908,1920,1080
22,0.733,ROAD,Transverse Crack,1,0.314536,767,969,1269,1080,1018.63,1024.96,502,110,1920,1080
23,0.767,CRACK,crack,0,0.78743,25,245,869,1080,447.65,662.75,843,834,1920,1080
23,0.767,CRACK,crack,0,0.759697,1639,553,1920,687,1779.53,620.37,280,134,1920,1080
23,0.767,CRACK,crack,0,0.628439,1470,156,1555,559,1512.74,358.23,85,403,1920,1080
23,0.767,CRACK,crack,0,0.500195,625,159,685,541,655.29,350.55,60,381,1920,1080
23,0.767,CRACK,crack,0,0.482471,8,0,1029,554,518.95,277.1,1021,554,1920,1080
23,0.767,CRACK,crack,0,0.357945,3,0,45,317,24.48,158.7,41,317,1920,1080
23,0.767,CRACK,crack,0,0.321183,1310,590,1405,676,1357.98,633.67,95,85,1920,1080
23,0.767,ROAD,Alligator Crack,2,0.728571,1088,436,1920,1043,1504.31,739.64,831,607,1920,1080
24,0.8,CRACK,crack,0,0.800202,1639,550,1919,683,1779.43,617.03,279,133,1920,1080
24,0.8,CRACK,crack,0,0.793513,25,229,857,1080,441.55,654.81,832,850,1920,1080
24,0.8,CRACK,crack,0,0.586012,1467,158,1553,549,1510.69,354.14,86,391,1920,1080
24,0.8,CRACK,crack,0,0.53919,623,157,682,538,652.79,348.15,58,380,1920,1080
24,0.8,CRACK,crack,0,0.516403,0,0,628,343,314.17,171.53,628,343,1920,1080
24,0.8,CRACK,crack,0,0.392026,1128,0,1217,486,1173.1,243.34,88,485,1920,1080
24,0.8,CRACK,crack,0,0.338657,1375,0,1556,554,1465.82,277.37,180,554,1920,1080
24,0.8,CRACK,crack,0,0.312686,1268,445,1720,1080,1494.25,762.55,452,634,1920,1080
24,0.8,ROAD,Alligator Crack,2,0.753722,1101,435,1920,1043,1510.73,739.53,818,607,1920,1080
24,0.8,ROAD,Alligator Crack,2,0.403962,176,165,834,1074,505.56,619.97,658,908,1920,1080
25,0.833,CRACK,crack,0,0.822957,1638,546,1919,679,1778.8,613.11,280,133,1920,1080
25,0.833,CRACK,crack,0,0.809173,25,213,840,1080,432.98,647.0,815,866,1920,1080
25,0.833,CRACK,crack,0,0.575808,621,158,681,535,651.63,346.9,60,377,1920,1080
25,0.833,CRACK,crack,0,0.472398,1464,146,1554,550,1509.46,348.52,89,404,1920,1080
25,0.833,CRACK,crack,0,0.387683,686,695,1279,1080,983.04,887.57,592,384,1920,1080
25,0.833,CRACK,crack,0,0.352274,1388,0,1555,552,1471.92,276.29,167,551,1920,1080
25,0.833,CRACK,crack,0,0.346227,1588,695,1714,1079,1651.44,887.62,126,384,1920,1080
25,0.833,CRACK,crack,0,0.337871,0,0,617,356,308.88,178.06,617,356,1920,1080
25,0.833,CRACK,crack,0,0.321312,0,0,39,317,20.01,158.81,39,317,1920,1080
25,0.833,CRACK,crack,0,0.313519,458,17,1408,1008,933.3,513.17,950,990,1920,1080
25,0.833,ROAD,Alligator Crack,2,0.762945,1074,424,1920,1043,1497.23,733.69,845,619,1920,1080
25,0.833,ROAD,Alligator Crack,2,0.457921,182,163,832,1075,507.32,619.61,649,911,1920,1080
25,0.833,ROAD,Potholes,3,0.364417,988,958,1288,1077,1138.36,1018.44,299,119,1920,1080
26,0.867,CRACK,crack,0,0.822544,1635,541,1919,676,1777.24,609.41,284,134,1920,1080
26,0.867,CRACK,crack,0,0.726911,12,244,835,1078,423.84,661.55,822,834,1920,1080
26,0.867,CRACK,crack,0,0.607655,1463,147,1553,545,1508.25,346.53,89,398,1920,1080
26,0.867,CRACK,crack,0,0.422048,675,691,1278,1080,977.01,885.98,603,388,1920,1080
26,0.867,CRACK,crack,0,0.330553,1107,0,1212,478,1160.0,239.46,105,478,1920,1080
26,0.867,CRACK,crack,0,0.321836,1276,408,1718,1080,1497.53,744.12,441,671,1920,1080
26,0.867,CRACK,crack,0,0.318376,1583,693,1713,1079,1648.37,886.93,130,385,1920,1080
26,0.867,ROAD,Alligator Crack,2,0.716856,1085,220,1920,1040,1502.78,630.64,834,819,1920,1080
26,0.867,ROAD,Alligator Crack,2,0.475301,174,172,844,1041,509.75,606.89,669,869,1920,1080
27,0.9,CRACK,crack,0,0.782069,1634,537,1919,673,1776.86,605.54,284,135,1920,1080
27,0.9,CRACK,crack,0,0.755963,23,230,826,1079,424.67,655.41,802,849,1920,1080
27,0.9,CRACK,crack,0,0.555881,1461,139,1550,539,1505.75,339.44,88,399,1920,1080
27,0.9,CRACK,crack,0,0.447841,467,14,1417,995,942.64,504.72,950,980,1920,1080
27,0.9,CRACK,crack,0,0.421115,41,0,1058,663,549.65,331.61,1016,663,1920,1080
27,0.9,CRACK,crack,0,0.357968,1266,432,1716,1080,1491.42,756.38,450,647,1920,1080
27,0.9,CRACK,crack,0,0.345244,1083,0,1209,468,1146.53,234.09,126,468,1920,1080
27,0.9,ROAD,Alligator Crack,2,0.735553,1049,421,1920,1043,1484.85,732.75,870,622,1920,1080
27,0.9,ROAD,Alligator Crack,2,0.387029,175,154,839,1035,507.63,595.1,664,880,1920,1080
28,0.933,CRACK,crack,0,0.762786,1634,534,1919,667,1776.66,600.98,285,132,1920,1080
28,0.933,CRACK,crack,0,0.709535,9,272,828,1078,419.17,675.56,818,806,1920,1080
28,0.933,CRACK,crack,0,0.587556,1408,0,1549,535,1479.2,267.59,140,535,1920,1080
28,0.933,CRACK,crack,0,0.541554,233,150,1201,1080,717.76,615.01,967,929,1920,1080
28,0.933,CRACK,crack,0,0.517947,13,0,600,325,306.82,162.56,586,325,1920,1080
28,0.933,CRACK,crack,0,0.448449,647,294,1290,1079,968.68,687.16,642,784,1920,1080
28,0.933,CRACK,crack,0,0.445595,1126,0,1212,484,1169.49,242.33,85,483,1920,1080
28,0.933,CRACK,crack,0,0.351291,1253,508,1410,657,1332.01,583.12,157,148,1920,1080
28,0.933,CRACK,crack,0,0.31082,0,0,922,764,461.29,382.42,922,764,1920,1080
28,0.933,ROAD,Alligator Crack,2,0.619854,1046,339,1920,1035,1483.26,687.49,873,695,1920,1080
28,0.933,ROAD,Alligator Crack,2,0.328347,166,154,841,1040,504.29,597.61,674,885,1920,1080
29,0.967,CRACK,crack,0,0.786729,1630,528,1919,661,1775.32,595.42,288,132,1920,1080
29,0.967,CRACK,crack,0,0.768018,1587,678,1709,1080,1648.66,879.45,122,401,1920,1080
29,0.967,CRACK,crack,0,0.764164,8,250,820,1077,414.55,664.43,811,827,1920,1080
29,0.967,CRACK,crack,0,0.637934,1407,0,1547,531,1477.32,265.73,139,530,1920,1080
29,0.967,CRACK,crack,0,0.52351,226,143,1194,1080,710.61,611.5,967,936,1920,1080
29,0.967,CRACK,crack,0,0.435894,614,142,673,519,644.44,330.99,58,377,1920,1080
29,0.967,CRACK,crack,0,0.370137,1117,0,1210,458,1164.28,229.41,92,458,1920,1080
29,0.967,ROAD,Alligator Crack,2,0.65164,1056,361,1919,1034,1488.46,698.26,863,672,1920,1080
29,0.967,ROAD,Alligator Crack,2,0.545644,172,140,850,1042,511.42,591.48,677,901,1920,1080
29,0.967,ROAD,Potholes,3,0.304917,1125,951,1255,1030,1190.07,990.75,129,78,1920,1080
30,1.0,CRACK,crack,0,0.862173,1629,525,1919,658,1774.54,592.02,290,132,1920,1080
30,1.0,CRACK,crack,0,0.789123,20,172,873,1080,446.92,626.05,853,907,1920,1080
30,1.0,CRACK,crack,0,0.609343,1581,657,1708,1080,1645.1,868.7,126,422,1920,1080
30,1.0,CRACK,crack,0,0.59662,1456,130,1546,528,1501.54,329.42,89,398,1920,1080
30,1.0,CRACK,crack,0,0.476517,11,0,1063,708,537.7,354.23,1051,708,1920,1080
30,1.0,CRACK,crack,0,0.397723,1119,0,1210,445,1165.0,222.58,90,445,1920,1080
30,1.0,CRACK,crack,0,0.331101,613,136,671,517,642.89,326.79,58,380,1920,1080
30,1.0,CRACK,crack,0,0.327326,647,270,1296,1080,972.22,675.43,648,809,1920,1080
30,1.0,ROAD,Alligator Crack,2,0.678881,1017,364,1920,1033,1468.95,698.91,902,668,1920,1080
31,1.033,CRACK,crack,0,0.845732,1626,520,1919,654,1773.09,587.48,292,133,1920,1080
31,1.033,CRACK,crack,0,0.825128,611,131,671,515,641.94,323.29,59,383,1920,1080
31,1.033,CRACK,crack,0,0.752014,18,164,868,1080,443.29,622.27,850,915,1920,1080
31,1.033,CRACK,crack,0,0.552602,1454,131,1546,525,1500.54,328.66,92,394,1920,1080
31,1.033,CRACK,crack,0,0.439028,646,267,1321,1080,983.89,673.81,675,812,1920,1080
31,1.033,CRACK,crack,0,0.422156,1567,634,1707,1080,1637.24,857.24,139,445,1920,1080
31,1.033,ROAD,Alligator Crack,2,0.630531,966,397,1919,1051,1443.28,724.43,953,653,1920,1080
31,1.033,ROAD,Potholes,3,0.319691,525,84,884,307,705.0,196.16,358,222,1920,1080
32,1.067,CRACK,crack,0,0.805484,1628,516,1919,651,1774.06,583.95,290,135,1920,1080
32,1.067,CRACK,crack,0,0.792016,609,128,671,508,640.58,318.78,61,379,1920,1080
32,1.067,CRACK,crack,0,0.774372,19,156,874,1077,447.02,616.97,854,921,1920,1080
32,1.067,CRACK,crack,0,0.500408,1564,633,1705,1080,1635.4,856.91,140,446,1920,1080
32,1.067,CRACK,crack,0,0.388314,1400,0,1547,514,1474.32,257.28,146,514,1920,1080
32,1.067,CRACK,crack,0,0.351845,1262,362,1703,1080,1482.72,721.03,441,717,1920,1080
32,1.067,CRACK,crack,0,0.339481,1085,0,1195,472,1140.25,236.06,110,471,1920,1080
32,1.067,CRACK,crack,0,0.325055,1453,121,1540,525,1497.38,323.37,86,403,1920,1080
32,1.067,CRACK,crack,0,0.304103,451,14,1397,958,924.32,486.43,946,943,1920,1080
32,1.067,ROAD,Alligator Crack,2,0.639641,989,406,1919,1053,1454.26,730.0,930,647,1920,1080
32,1.067,ROAD,Alligator Crack,2,0.45078,157,134,846,1060,501.93,597.51,688,926,1920,1080
32,1.067,ROAD,Potholes,3,0.319337,519,84,872,296,695.76,190.58,353,211,1920,1080
33,1.1,CRACK,crack,0,0.790385,17,165,873,1076,445.7,620.85,856,911,1920,1080
33,1.1,CRACK,crack,0,0.76974,1626,512,1919,649,1772.89,580.92,292,137,1920,1080
33,1.1,CRACK,crack,0,0.689112,1570,648,1705,1080,1637.84,864.13,134,431,1920,1080
33,1.1,CRACK,crack,0,0.528651,1452,116,1544,514,1498.85,315.43,92,398,1920,1080
33,1.1,CRACK,crack,0,0.451464,645,236,1310,1080,978.49,658.38,664,843,1920,1080
33,1.1,CRACK,crack,0,0.331598,608,125,669,501,639.16,313.51,61,375,1920,1080
33,1.1,CRACK,crack,0,0.328857,1093,1,1195,457,1144.07,229.76,101,455,1920,1080
33,1.1,CRACK,crack,0,0.309966,1261,371,1701,1080,1481.46,725.59,440,708,1920,1080
33,1.1,ROAD,Alligator Crack,2,0.644617,1020,390,1919,1030,1470.2,710.69,899,639,1920,1080
33,1.1,ROAD,Alligator Crack,2,0.338012,162,111,842,1041,502.35,576.28,680,929,1920,1080
34,1.133,CRACK,crack,0,0.779203,1624,507,1919,644,1771.98,576.03,294,136,1920,1080
34,1.133,CRACK,crack,0,0.719295,6,279,823,1069,414.97,674.47,816,789,1920,1080
34,1.133,CRACK,crack,0,0.569699,1577,647,1703,1080,1640.65,863.52,126,432,1920,1080
34,1.133,CRACK,crack,0,0.55896,6,0,612,295,309.23,147.93,606,295,1920,1080
34,1.133,CRACK,crack,0,0.451413,613,644,1267,1080,940.59,862.41,653,435,1920,1080
34,1.133,CRACK,crack,0,0.412671,1451,112,1544,513,1497.71,312.62,93,400,1920,1080
34,1.133,CRACK,crack,0,0.3319,1258,353,1700,1080,1479.59,716.95,441,726,1920,1080
34,1.133,CRACK,crack,0,0.318288,1296,545,1394,629,1345.65,587.38,98,83,1920,1080
34,1.133,ROAD,Alligator Crack,2,0.669105,1028,386,1920,1027,1474.26,706.92,891,640,1920,1080
34,1.133,ROAD,Alligator Crack,2,0.336217,126,140,851,1065,488.69,602.9,725,924,1920,1080
35,1.167,CRACK,crack,0,0.750396,1622,503,1919,638,1770.62,571.17,297,135,1920,1080
35,1.167,CRACK,crack,0,0.74267,136,124,1182,1077,659.53,600.8,1046,953,1920,1080
35,1.167,CRACK,crack,0,0.590373,1570,639,1702,1080,1636.61,859.88,132,440,1920,1080
35,1.167,CRACK,crack,0,0.42099,1392,0,1545,504,1469.25,252.21,152,504,1920,1080
35,1.167,CRACK,crack,0,0.374437,1253,351,1700,1080,1477.18,715.95,446,728,1920,1080
35,1.167,ROAD,Alligator Crack,2,0.678666,1070,375,1920,1030,1495.29,703.0,849,655,1920,1080
35,1.167,ROAD,Alligator Crack,2,0.41012,148,110,836,1041,492.41,575.72,687,930,1920,1080
36,1.2,CRACK,crack,0,0.837003,1621,498,1919,635,1770.37,566.55,298,136,1920,1080
36,1.2,CRACK,crack,0,0.80912,133,118,1181,1075,657.57,597.42,1047,956,1920,1080
36,1.2,CRACK,crack,0,0.711211,1571,639,1702,1080,1636.91,859.91,130,440,1920,1080
36,1.2,CRACK,crack,0,0.466222,633,250,1286,1067,960.21,658.9,652,816,1920,1080
36,1.2,CRACK,crack,0,0.446396,1115,0,1186,359,1151.11,179.81,71,359,1920,1080
36,1.2,CRACK,crack,0,0.394362,1295,536,1388,622,1342.05,579.74,92,85,1920,1080
36,1.2,CRACK,crack,0,0.366289,1449,106,1540,504,1494.91,305.79,91,398,1920,1080
36,1.2,ROAD,Alligator Crack,2,0.604242,1051,355,1920,1035,1486.0,695.7,868,680,1920,1080
36,1.2,ROAD,Potholes,3,0.348016,989,923,1136,986,1063.29,954.9,146,62,1920,1080
37,1.233,CRACK,crack,0,0.812404,124,116,1174,1076,649.8,596.33,1050,959,1920,1080
37,1.233,CRACK,crack,0,0.797853,1619,492,1919,630,1769.51,561.66,299,138,1920,1080
37,1.233,CRACK,crack,0,0.637434,1569,629,1701,1080,1635.39,854.98,132,450,1920,1080
37,1.233,CRACK,crack,0,0.629534,614,575,1265,1080,940.05,827.87,650,504,1920,1080
37,1.233,CRACK,crack,0,0.519984,1448,95,1539,502,1494.11,299.09,90,406,1920,1080
37,1.233,CRACK,crack,0,0.387466,2,12,608,283,305.69,147.91,605,271,1920,1080
37,1.233,CRACK,crack,0,0.314196,1247,316,1698,1080,1473.32,698.37,450,763,1920,1080
37,1.233,ROAD,Alligator Crack,2,0.648286,1099,315,1920,1039,1509.66,677.74,820,724,1920,1080
38,1.267,CRACK,crack,0,0.809536,1620,488,1919,627,1769.72,557.71,299,138,1920,1080
38,1.267,CRACK,crack,0,0.799108,10,186,903,1047,457.02,617.05,892,861,1920,1080
38,1.267,CRACK,crack,0,0.754743,601,106,663,482,632.15,294.59,61,376,1920,1080
38,1.267,CRACK,crack,0,0.537289,1447,94,1537,492,1492.26,293.55,89,398,1920,1080
38,1.267,CRACK,crack,0,0.503927,469,15,1357,967,913.16,491.39,888,951,1920,1080
38,1.267,CRACK,crack,0,0.456759,1251,322,1699,1080,1475.17,701.41,448,757,1920,1080
38,1.267,ROAD,Alligator Crack,2,0.534557,1018,346,1919,1030,1469.32,688.4,900,684,1920,1080
38,1.267,ROAD,Alligator Crack,2,0.436851,1097,23,1917,762,1507.78,392.94,819,739,1920,1080
39,1.3,CRACK,crack,0,0.846123,11,170,901,1047,456.25,608.93,889,877,1920,1080
39,1.3,CRACK,crack,0,0.797749,1618,483,1919,622,1768.81,552.91,301,139,1920,1080
39,1.3,CRACK,crack,0,0.74286,1575,632,1699,1080,1637.2,856.33,123,447,1920,1080
39,1.3,CRACK,crack,0,0.594125,1446,95,1536,492,1491.53,293.96,90,396,1920,1080
39,1.3,CRACK,crack,0,0.494316,620,228,1283,1079,952.02,654.12,663,851,1920,1080
39,1.3,CRACK,crack,0,0.344005,1112,0,1180,412,1146.91,206.34,67,412,1920,1080
39,1.3,ROAD,Alligator Crack,2,0.563231,1071,372,1917,1030,1494.73,701.62,846,657,1920,1080
39,1.3,ROAD,Alligator Crack,2,0.419555,1099,103,1918,740,1508.78,421.9,818,637,1920,1080
40,1.333,CRACK,crack,0,0.817814,1615,479,1919,615,1767.66,547.19,303,136,1920,1080
40,1.333,CRACK,crack,0,0.8131,11,181,898,1046,455.0,614.27,886,865,1920,1080
40,1.333,CRACK,crack,0,0.711314,599,97,658,472,629.19,285.25,58,374,1920,1080
40,1.333,CRACK,crack,0,0.690775,1569,619,1697,1080,1633.9,849.63,128,460,1920,1080
40,1.333,CRACK,crack,0,0.631117,1443,91,1533,484,1488.33,287.84,90,392,1920,1080
40,1.333,CRACK,crack,0,0.573276,1111,0,1180,430,1146.25,215.57,68,430,1920,1080
40,1.333,CRACK,crack,0,0.388389,1252,307,1696,1080,1474.42,693.83,444,772,1920,1080
40,1.333,CRACK,crack,0,0.385983,475,459,1306,1080,891.27,769.65,830,620,1920,1080
40,1.333,ROAD,Alligator Crack,2,0.540841,1077,370,1917,1032,1497.85,701.82,839,662,1920,1080
40,1.333,ROAD,Alligator Crack,2,0.317208,151,107,834,1041,492.93,574.5,683,933,1920,1080
40,1.333,ROAD,Alligator Crack,2,0.301832,1103,90,1917,742,1510.64,416.74,814,651,1920,1080
41,1.367,CRACK,crack,0,0.832625,1616,473,1919,610,1767.78,542.11,303,137,1920,1080
41,1.367,CRACK,crack,0,0.82499,11,182,900,1053,455.59,617.92,889,870,1920,1080
41,1.367,CRACK,crack,0,0.583859,598,94,657,469,628.0,281.86,59,374,1920,1080
41,1.367,CRACK,crack,0,0.458057,1112,0,1178,412,1145.02,206.03,66,412,1920,1080
41,1.367,CRACK,crack,0,0.434919,1243,295,1697,1080,1470.39,687.58,453,784,1920,1080
41,1.367,CRACK,crack,0,0.392702,1415,0,1537,472,1476.45,236.37,121,472,1920,1080
41,1.367,CRACK,crack,0,0.375989,483,581,1262,1080,872.83,830.58,778,498,1920,1080
41,1.367,CRACK,crack,0,0.344772,1286,511,1382,596,1334.34,553.79,95,85,1920,1080
41,1.367,ROAD,Alligator Crack,2,0.464874,1050,363,1918,1033,1484.24,698.4,868,669,1920,1080
42,1.4,CRACK,crack,0,0.815794,1615,467,1919,607,1767.42,537.9,303,140,1920,1080
42,1.4,CRACK,crack,0,0.812157,8,211,909,1045,459.12,628.56,900,834,1920,1080
42,1.4,CRACK,crack,0,0.709584,597,89,656,467,627.05,278.54,58,377,1920,1080
42,1.4,CRACK,crack,0,0.672867,1565,600,1695,1080,1630.43,840.42,130,479,1920,1080
42,1.4,CRACK,crack,0,0.630003,1441,72,1531,477,1486.68,275.01,90,404,1920,1080
42,1.4,CRACK,crack,0,0.331613,1081,0,1178,416,1130.4,208.09,97,416,1920,1080
42,1.4,ROAD,Alligator Crack,2,0.526237,1033,355,1918,1039,1476.12,697.3,885,683,1920,1080
43,1.433,CRACK,crack,0,0.785739,1613,463,1919,603,1766.51,533.12,305,139,1920,1080
43,1.433,CRACK,crack,0,0.759651,595,84,657,459,626.6,272.03,61,375,1920,1080
43,1.433,CRACK,crack,0,0.747067,8,217,902,998,455.5,607.72,894,780,1920,1080
43,1.433,CRACK,crack,0,0.502506,1061,1,1178,408,1119.99,205.13,116,407,1920,1080
43,1.433,CRACK,crack,0,0.483055,1560,588,1695,1080,1627.83,834.35,134,491,1920,1080
43,1.433,CRACK,crack,0,0.411533,549,175,1284,1077,916.83,626.83,735,901,1920,1080
43,1.433,CRACK,crack,0,0.384265,1218,311,1697,1080,1457.99,695.94,478,768,1920,1080
43,1.433,CRACK,crack,0,0.357477,1439,56,1526,468,1482.58,262.39,87,412,1920,1080
43,1.433,ROAD,Alligator Crack,2,0.471036,1075,53,1919,899,1497.79,476.6,844,845,1920,1080
44,1.467,CRACK,crack,0,0.794916,1612,457,1919,597,1765.94,527.63,307,140,1920,1080
44,1.467,CRACK,crack,0,0.74684,7,201,903,1001,455.74,601.67,896,799,1920,1080
44,1.467,CRACK,crack,0,0.635252,1437,68,1525,463,1481.44,266.22,87,394,1920,1080
44,1.467,CRACK,crack,0,0.422686,1102,0,1176,404,1139.42,202.31,73,404,1920,1080
44,1.467,CRACK,crack,0,0.368015,534,190,1279,1080,906.52,635.4,745,889,1920,1080
44,1.467,CRACK,crack,0,0.364432,1241,284,1692,1080,1467.16,682.3,451,795,1920,1080
44,1.467,CRACK,crack,0,0.329119,1562,577,1693,1080,1628.31,828.78,131,502,1920,1080
44,1.467,ROAD,Alligator Crack,2,0.547073,1108,73,1920,884,1514.24,478.96,811,810,1920,1080
44,1.467,ROAD,Alligator Crack,2,0.320482,1110,362,1918,674,1514.36,518.62,807,312,1920,1080
45,1.5,CRACK,crack,0,0.825667,1610,452,1919,591,1764.86,521.78,309,138,1920,1080
45,1.5,CRACK,crack,0,0.765554,40,97,1025,1080,533.07,588.88,984,982,1920,1080
45,1.5,CRACK,crack,0,0.638493,1435,61,1525,456,1480.54,259.14,89,394,1920,1080
45,1.5,CRACK,crack,0,0.492498,590,170,1279,1074,935.03,622.42,689,904,1920,1080
45,1.5,CRACK,crack,0,0.473278,1554,577,1692,1080,1623.77,828.75,137,502,1920,1080
45,1.5,CRACK,crack,0,0.455678,4,1,605,246,305.41,124.13,600,245,1920,1080
45,1.5,CRACK,crack,0,0.439035,1227,294,1696,1080,1462.16,687.22,468,785,1920,1080
45,1.5,CRACK,crack,0,0.353105,594,79,654,449,624.34,264.31,59,370,1920,1080
45,1.5,ROAD,Potholes,3,0.508739,982,875,1119,939,1051.01,907.41,137,63,1920,1080
45,1.5,ROAD,Alligator Crack,2,0.459657,1087,52,1920,882,1503.71,467.26,832,829,1920,1080
46,1.533,CRACK,crack,0,0.834364,1608,447,1919,586,1763.98,516.98,311,138,1920,1080
46,1.533,CRACK,crack,0,0.696017,7,213,902,972,455.31,592.69,894,758,1920,1080
46,1.533,CRACK,crack,0,0.536175,1435,3,1524,452,1480.09,227.98,88,448,1920,1080
46,1.533,CRACK,crack,0,0.488634,1234,266,1692,1080,1463.6,673.16,457,813,1920,1080
46,1.533,CRACK,crack,0,0.476276,595,205,1271,1075,933.94,640.51,676,869,1920,1080
46,1.533,CRACK,crack,0,0.469264,1104,1,1173,342,1138.96,172.03,69,341,1920,1080
46,1.533,ROAD,Alligator Crack,2,0.482049,1058,61,1920,862,1489.34,462.03,861,800,1920,1080
46,1.533,ROAD,Alligator Crack,2,0.438201,71,146,801,1052,436.31,599.88,730,905,1920,1080
46,1.533,ROAD,Potholes,3,0.334444,1107,866,1241,947,1174.83,906.89,133,81,1920,1080
